SKU,Product name,Handle,Barcode,Variant,# sharing SKU,Last Updated
0719839ORAS/M,Vivo Basic Sleeveless Long Lily Waterfall - Orange,vivo-sleeveless-lily-waterfall-orange,50000054,Default Title,2,2026-08-20 12:08
0719839ORAS/M,Vivo Basic Sleeveless Long Lily Waterfall - Orange,vivo-sleeveless-long-lily-waterfall-orange,40015496,ORANGE / 0719839 / S/M,2,2026-08-20 12:08
HOMK00025BLAM,Home Of Calor Front Slit Dress - Marlot Maven - Black,home-of-calor-front-slit-dress-marlot-maven-black,70152870,BLACK / HOMK00025 / M,2,2026-08-20 12:08
HOMK00025BLAM,Home Of Calor Front Slit Dress - Marlot Maven - Black,home-of-calor-front-slit-dress-marlot-maven-black,70152871,BLACK / HOMK00025 / L,2,2026-08-20 12:08
HOMK0007BURL,Home of Calor Dungaree Dress - Burgundy,home-of-calor-dungaree-dress-burgundy,70156386,BURGUNDY / HOMK0007 / L,2,2026-08-20 12:08
HOMK0007BURL,Home of Calor Dungaree Dress - Burgundy,home-of-calor-dungaree-midi-dress-burgundy,70156391,BURGUNDY / HOMK0007 / L,2,2026-08-20 12:08
HOMK0007BURM,Home of Calor Dungaree Dress - Burgundy,home-of-calor-dungaree-dress-burgundy,70156385,BURGUNDY / HOMK0007 / M,2,2026-08-20 12:08
HOMK0007BURM,Home of Calor Dungaree Dress - Burgundy,home-of-calor-dungaree-midi-dress-burgundy,70156390,BURGUNDY / HOMK0007 / M,2,2026-08-20 12:08
HOMK0007BURS,Home of Calor Dungaree Dress - Burgundy,home-of-calor-dungaree-dress-burgundy,70156384,BURGUNDY / HOMK0007 / S,2,2026-08-20 12:08
HOMK0007BURS,Home of Calor Dungaree Dress - Burgundy,home-of-calor-dungaree-midi-dress-burgundy,70156389,BURGUNDY / HOMK0007 / S,2,2026-08-20 12:08
HOMK0007BURXL,Home of Calor Dungaree Dress - Burgundy,home-of-calor-dungaree-dress-burgundy,70156387,BURGUNDY / HOMK0007 / XL,2,2026-08-20 12:08
HOMK0007BURXL,Home of Calor Dungaree Dress - Burgundy,home-of-calor-dungaree-midi-dress-burgundy,70156392,BURGUNDY / HOMK0007 / XL,2,2026-08-20 12:08
HOMK0007BURXXL,Home of Calor Dungaree Dress - Burgundy,home-of-calor-dungaree-dress-burgundy,70156388,BURGUNDY / HOMK0007 / XXL,2,2026-08-20 12:08
HOMK0007BURXXL,Home of Calor Dungaree Dress - Burgundy,home-of-calor-dungaree-midi-dress-burgundy,70156393,BURGUNDY / HOMK0007 / XXL,2,2026-08-20 12:08
INHU09002REDXL,Inroses Butterfly Shirt Dress - Red,inroses-butterfly-shirt-dress-red,70156260,RED / INHU09002 / XS,2,2026-08-20 12:08
INHU09002REDXL,Inroses Butterfly Shirt Dress - Red,inroses-butterfly-shirt-dress-red,70156264,RED / INHU09002 / XL,2,2026-08-20 12:08
KACO000099BLAL,Kakiba Collections Curvy Plus Size Rachael Dress - Black,kakiba-collections-rachael-dress-black,70131284,BLACK / KACO000099 / L,2,2026-08-20 12:08
KACO000099BLAL,Kakiba Collections Judith Official Dress - Black,kakiba-collections-judith-official-dress-black,70156185,BLACK / KACO000099 / L,2,2026-08-20 12:08
KACO000099BLAM,Kakiba Collections Curvy Plus Size Rachael Dress - Black,kakiba-collections-rachael-dress-black,70131293,BLACK / KACO000099 / M,2,2026-08-20 12:08
KACO000099BLAM,Kakiba Collections Judith Official Dress - Black,kakiba-collections-judith-official-dress-black,70156184,BLACK / KACO000099 / M,2,2026-08-20 12:08
KACO000099BLAS,Kakiba Collections Curvy Plus Size Rachael Dress - Black,kakiba-collections-rachael-dress-black,70131292,BLACK / KACO000099 / S,2,2026-08-20 12:08
KACO000099BLAS,Kakiba Collections Judith Official Dress - Black,kakiba-collections-judith-official-dress-black,70156183,BLACK / KACO000099 / S,2,2026-08-20 12:08
KACO000099BLAXL,Kakiba Collections Curvy Plus Size Rachael Dress - Black,kakiba-collections-rachael-dress-black,70131285,BLACK / KACO000099 / XL,2,2026-08-20 12:08
KACO000099BLAXL,Kakiba Collections Judith Official Dress - Black,kakiba-collections-judith-official-dress-black,70156186,BLACK / KACO000099 / XL,2,2026-08-20 12:08
LILI000191GRNM,Liliadly Jungle Zibra Dress - Green,liliadly-jungle-zibra-maxi-shirt-dress,70142669,GREEN / LILI000191 / M,2,2026-08-20 12:08
LILI000191GRNM,Liliadly Sema Safari Dress - Green,liliadly-sema-safari-dress-green,70142666,GREEN / LILI000191 / M,2,2026-08-20 12:08
MECU00004MULF,Hanging Earring - White,meishan-curios-hanging-earing-white,70125612,MULTICOLORED / MECU00004 / F,2,2026-08-20 12:08
MECU00004MULF,Leather Necklace - Multicolored,leather-necklace-multicolored,70125465,MULTICOLORED / MECU00004 / F,2,2026-08-20 12:08
PC0212BLAL,Plainchic Handkerchief Skirt Set - Black Geometric Pattern,plainchic-handkerchief-skirt-set-black-geometric-pattern,70156136,BLACK / PC0212 / L,2,2026-08-20 12:08
PC0212BLAL,Plainchic Ribbed Long Sleeve Top - Black,plainchic-ribbed-long-sleeve-top-black,70154475,BLACK / PC0212 / L,2,2026-08-20 12:08
PC0212BLAM,Plainchic Handkerchief Skirt Set - Black Geometric Pattern,plainchic-handkerchief-skirt-set-black-geometric-pattern,70156135,BLACK / PC0212 / M,2,2026-08-20 12:08
PC0212BLAM,Plainchic Ribbed Long Sleeve Top - Black,plainchic-ribbed-long-sleeve-top-black,70154474,BLACK / PC0212 / M,2,2026-08-20 12:08
PC0212BLAS,Plainchic Handkerchief Skirt Set - Black Geometric Pattern,plainchic-handkerchief-skirt-set-black-geometric-pattern,70156134,BLACK / PC0212 / S,2,2026-08-20 12:08
PC0212BLAS,Plainchic Ribbed Long Sleeve Top - Black,plainchic-ribbed-long-sleeve-top-black,70154473,BLACK / PC0212 / S,2,2026-08-20 12:08
PC0212BLAXL,Plainchic Handkerchief Skirt Set - Black Geometric Pattern,plainchic-handkerchief-skirt-set-black-geometric-pattern,70156137,BLACK / PC0212 / XL,2,2026-08-20 12:08
PC0212BLAXL,Plainchic Ribbed Long Sleeve Top - Black,plainchic-ribbed-long-sleeve-top-black,70154476,BLACK / PC0212 / XL,2,2026-08-20 12:08
S0226011NAV1X/2X,Safari by Vivo Jacket in Denim - Navy,safari-by-vivo-jacket-in-denim-navy,60067238,NAVY / S0226011 / 1X/2X,2,2026-08-20 12:08
S0226011NAV1X/2X,Safari by Vivo Jacket in Denim MG - Navy,safari-by-vivo-jacket-in-denim-mg-navy,60071438,NAVY / S0226011 / 1X/2X,2,2026-08-20 12:08
S0226011NAVM/L,Safari by Vivo Jacket in Denim - Navy,safari-by-vivo-jacket-in-denim-navy,60067237,NAVY / S0226011 / M/L,2,2026-08-20 12:08
S0226011NAVM/L,Safari by Vivo Jacket in Denim MG - Navy,safari-by-vivo-jacket-in-denim-mg-navy,60071437,NAVY / S0226011 / M/L,2,2026-08-20 12:08
S0226011NAVXS/S,Safari by Vivo Jacket in Denim - Navy,safari-by-vivo-jacket-in-denim-navy,60067236,NAVY / S0226011 / XS/S,2,2026-08-20 12:08
S0226011NAVXS/S,Safari by Vivo Jacket in Denim MG - Navy,safari-by-vivo-jacket-in-denim-mg-navy,60071436,NAVY / S0226011 / XS/S,2,2026-08-20 12:08
S0326014TAUF,Safari by Vivo Wide Kaftan in Cotton - Multicolor,safari-by-vivo-wide-kaftan-in-cotton-multicolor,70155503,TAUPE / S0326014 / F,2,2026-08-20 12:08
S0326014TAUF,Safari by Vivo Wide Kaftan in Cotton - Multicolour print,safari-by-vivo-wide-kaftan-in-cotton-taupe,70155496,TAUPE / S0326014 / F,2,2026-08-20 12:08
S0424041PR5L,Safari Men Drawstring Shorts - Tari Print,safari-men-drawstring-shorts-tari-print,70151435,Default Title,2,2026-08-20 12:08
S0424041PR5L,Safari Men's Kitenge Drawstring Shorts - Tari Print,safari-mens-kitenge-drawstring-shorts-tari-print,60037205,TARI PRINT / S0424041 / L,2,2026-08-20 12:08
S0824067PR2L,Safari by Vivo Savannah Midi Wrap Dress - Lashi,safari-savannah-midi-wrap-dress-ashai-copy,70151564,Default Title,2,2026-08-20 12:08
S0824067PR2L,Vivo Kitenge Wide Leg Pants - Neba Print,safari-savannah-kitenge-midi-wrap-dress-lashi-print,60042834,NEBA PRINT / VE0032 / L,2,2026-08-20 12:08
S0824069DHUNL/1X,Safari by Vivo Njano Drawstring Top in Cotton - Dark Hunters,safari-by-vivo-njano-drawstring-top-in-cotton-dark-hunters,60066489,DARK HUNTERS / S0824069 / L/1X,2,2026-08-20 12:08
S0824069DHUNL/1X,Safari by Vivo Njano Drawstring Top in Cotton MG - Dark Hunters,safari-by-vivo-njano-drawstring-top-in-cotton-mg-dark-hunters,60071450,DARK HUNTERS / S0824069 / L/1X,2,2026-08-20 12:08
S0824069DHUNS/M,Safari by Vivo Njano Drawstring Top in Cotton - Dark Hunters,safari-by-vivo-njano-drawstring-top-in-cotton-dark-hunters,60066488,DARK HUNTERS / S0824069 / S/M,2,2026-08-20 12:08
S0824069DHUNS/M,Safari by Vivo Njano Drawstring Top in Cotton MG - Dark Hunters,safari-by-vivo-njano-drawstring-top-in-cotton-mg-dark-hunters,60071449,DARK HUNTERS / S0824069 / S/M,2,2026-08-20 12:08
S0925008PR91X/2X,Safari Tafari High Slit Kimono - Black / Luena Print,safari-tafari-high-slit-kimono-black-luena-print,60060582,BLACK / LUENA PRINT / S0925008 / 1X/2X,2,2026-08-20 12:08
S0925008PR91X/2X,Safari Tafari High Slit Kimono - Rust / Mashi Print,safari-tafari-high-slit-kimono-rust-mashi-print,60060579,RUST / MASHI PRINT / S0925008 / 1X/2X,2,2026-08-20 12:08
SKH006024,Salok Rave Shirt Dress - Yellow,salok-rave-shirt-dress-yellow,70106649,YELLOW / 1221023 / S,4,2026-08-20 12:08
SKH006024,Salok Rave Shirt Dress - Yellow,salok-rave-shirt-dress-yellow,70094316,YELLOW / 1221023 / M,4,2026-08-20 12:08
SKH006024,Salok Rave Shirt Dress - Yellow,salok-rave-shirt-dress-yellow,70094317,YELLOW / 1221023 / L,4,2026-08-20 12:08
SKH006024,Salok Rave Shirt Dress - Yellow,salok-rave-shirt-dress-yellow,70094318,YELLOW / 1221023 / XL,4,2026-08-20 12:08
SZDH0004LBL30,Denim Haven High Rise Skinny Jeans - Light Blue,denim-haven-high-rise-skinny-jeans-light-blue,70156187,LIGHT BLUE / SZDH0004 / 30,2,2026-08-20 12:08
SZDH0004LBL30,SZD Denim Haven High Rise Skinny Jeans - Light Blue,denim-haven-high-rise-skinny-jeans-light-blue-copy,70096537,LIGHT BLUE / SZDH0004 / 30,2,2026-08-20 12:08
SZDH0004LBL32,Denim Haven High Rise Skinny Jeans - Light Blue,denim-haven-high-rise-skinny-jeans-light-blue,70156188,LIGHT BLUE / SZDH0004 / 32,2,2026-08-20 12:08
SZDH0004LBL32,SZD Denim Haven High Rise Skinny Jeans - Light Blue,denim-haven-high-rise-skinny-jeans-light-blue-copy,70096538,LIGHT BLUE / SZDH0004 / 32,2,2026-08-20 12:08
SZDH0004LBL34,Denim Haven High Rise Skinny Jeans - Light Blue,denim-haven-high-rise-skinny-jeans-light-blue,70156189,LIGHT BLUE / SZDH0004 / 34,2,2026-08-20 12:08
SZDH0004LBL34,SZD Denim Haven High Rise Skinny Jeans - Light Blue,denim-haven-high-rise-skinny-jeans-light-blue-copy,70096539,LIGHT BLUE / SZDH0004 / 34,2,2026-08-20 12:08
SZDH0004LBL36,Denim Haven High Rise Skinny Jeans - Light Blue,denim-haven-high-rise-skinny-jeans-light-blue,70156190,LIGHT BLUE / SZDH0004 / 36,2,2026-08-20 12:08
SZDH0004LBL36,SZD Denim Haven High Rise Skinny Jeans - Light Blue,denim-haven-high-rise-skinny-jeans-light-blue-copy,70096540,LIGHT BLUE / SZDH0004 / 36,2,2026-08-20 12:08
SZDH0004LBL38,Denim Haven High Rise Skinny Jeans - Light Blue,denim-haven-high-rise-skinny-jeans-light-blue,70073933,LIGHT BLUE / SZDH0004 / 38,2,2026-08-20 12:08
SZDH0004LBL38,SZD Denim Haven High Rise Skinny Jeans - Light Blue,denim-haven-high-rise-skinny-jeans-light-blue-copy,70096541,LIGHT BLUE / SZDH0004 / 38,2,2026-08-20 12:08
SZDH0004LBL40,Denim Haven High Rise Skinny Jeans - Light Blue,denim-haven-high-rise-skinny-jeans-light-blue,70156191,LIGHT BLUE / SZDH0004 / 40,2,2026-08-20 12:08
SZDH0004LBL40,SZD Denim Haven High Rise Skinny Jeans - Light Blue,denim-haven-high-rise-skinny-jeans-light-blue-copy,70096542,LIGHT BLUE / SZDH0004 / 40,2,2026-08-20 12:08
SZDH0004LBL42,Denim Haven High Rise Skinny Jeans - Light Blue,denim-haven-high-rise-skinny-jeans-light-blue,70156192,LIGHT BLUE / SZDH0004 / 42,2,2026-08-20 12:08
SZDH0004LBL42,SZD Denim Haven High Rise Skinny Jeans - Light Blue,denim-haven-high-rise-skinny-jeans-light-blue-copy,70096543,LIGHT BLUE / SZDH0004 / 42,2,2026-08-20 12:08
THFA00397BLAXS,The Fashion Frenzy V-Back Skater - Black,the-fashion-frenzy-v-neck-skater-black-2,70108100,BLACK / THFA00397 / XS,2,2026-08-20 12:08
THFA00397BLAXS,The Fashion Frenzy V-Neck Skater - Black,the-fashion-frenzy-v-neck-skater-black,70127096,Default Title,2,2026-08-20 12:08
THFA00687BLA/PINXS,The Fashion Frenzy  Noir Rose Garden Midi Dress - Black / Pink,the-fashion-frenzy-noir-rose-garden-midi-dress-black,70156213,BLACK/PINK / THFA00687 / XS,2,2026-08-20 12:08
THFA00687BLA/PINXS,The Fashion Frenzy  Noir Rose Garden Midi Dress - Black / Pink,the-fashion-frenzy-noir-rose-garden-midi-dress-black,70156214,BLACK/PINK / THFA00687 / S,2,2026-08-20 12:08
TTUW0000163WHTRYB,TimyT Urban Wear The Elite Jacket - White / Royal Blue,timyt-urban-wear-the-elite-jacket-white-royal-blue,70156160,WHITE/ROYAL BLUE / TTUW0000163 / S,5,2026-08-20 12:08
TTUW0000163WHTRYB,TimyT Urban Wear The Elite Jacket - White / Royal Blue,timyt-urban-wear-the-elite-jacket-white-royal-blue,70156161,WHITE/ROYAL BLUE / TTUW0000163 / M,5,2026-08-20 12:08
TTUW0000163WHTRYB,TimyT Urban Wear The Elite Jacket - White / Royal Blue,timyt-urban-wear-the-elite-jacket-white-royal-blue,70156162,WHITE/ROYAL BLUE / TTUW0000163 / L,5,2026-08-20 12:08
TTUW0000163WHTRYB,TimyT Urban Wear The Elite Jacket - White / Royal Blue,timyt-urban-wear-the-elite-jacket-white-royal-blue,70156163,WHITE/ROYAL BLUE / TTUW0000163 / XL,5,2026-08-20 12:08
TTUW0000163WHTRYB,TimyT Urban Wear The Elite Jacket - White / Royal Blue,timyt-urban-wear-the-elite-jacket-white-royal-blue,70156164,WHITE/ROYAL BLUE / TTUW0000163 / XXL,5,2026-08-20 12:08
UMCO00001BEIF,Beige Fedora Hat,beidge-fedora-hat,70147135,Default Title,2,2026-08-20 12:08
UMCO00001BEIF,Fedora Hat - Beige,fedora-hat-beige,70147961,BEIGE / UMCO00001 / F,2,2026-08-20 12:08
V0126012PR4F,Vivo Maxi Kaftan in Satin - Olive  / Dark Green Rozi Print,vivo-maxi-kaftan-in-satin-olive-dark-green-rozi-print,60065175,OLIVE / DARK GREEN ROZI PRINT / V0126012 / F,2,2026-08-20 12:08
V0126012PR4F,Vivo Maxi Kaftan in Satin - Red / Black Polka Print,vivo-maxi-kaftan-in-satin-red-black-polka-print,70155407,OLIVE / DARK GREEN ROZI PRINT / V0126012 / F,2,2026-08-20 12:08
V0222133PR221X,Vivo Zuri Cap Sleeve Maxi Dress in Crepe - Green / Cream Print,vivo-zuri-cap-sleeved-maxi-dress-green-cream-print,60038973,GREEN / CREAM PRINT / V0222133 / 1X,2,2026-08-20 12:08
V0222133PR221X,Vivo Zuri Cap Sleeve Maxi Dress in Crepe - Pink / Purple Print,vivo-zuri-cap-sleeved-maxi-dress-pink-purple-print,60041135,PINK / PURPLE PRINT / V0222133 / 1X,2,2026-08-20 12:08
V0222133PR22L,Vivo Zuri Cap Sleeve Maxi Dress in Crepe - Green / Cream Print,vivo-zuri-cap-sleeved-maxi-dress-green-cream-print,60038972,GREEN / CREAM PRINT / V0222133 / L,2,2026-08-20 12:08
V0222133PR22L,Vivo Zuri Cap Sleeve Maxi Dress in Crepe - Pink / Purple Print,vivo-zuri-cap-sleeved-maxi-dress-pink-purple-print,60041134,PINK / PURPLE PRINT / V0222133 / L,2,2026-08-20 12:08
V0223139BLA1X,Vivo Izzy Satin Bishop Sleeve Top - Black,vivo-basic-izzy-satin-bishop-sleeve-top-black-1,60025137,BLACK / V0223139 / XL,2,2026-08-20 12:08
V0223139BLA1X,Vivo Izzy Satin Bishop Sleeve Top - Black Yoyo,vivo-basic-izzy-satin-bishop-sleeve-top-black,60022581,Default Title,2,2026-08-20 12:08
V0226030BUR1X,Vivo Tanda Cap Sleeve Sheath Dress in Ponte - Burgundy,vivo-tanda-cap-sleeve-sheath-dress-in-ponte-burgundy,60070876,BURGUNDY / V0226030 / 1X,2,2026-08-20 12:08
V0226030BUR1X,Vivo Tanda Cap Sleeve Sheath Dress in Ponte - Burgundy,vivo-tanda-cap-sleeve-sheath-dress-in-ponte-red,60070876,BURGUNDY / V0226030 / 1X,2,2026-08-20 12:08
V0226030BUR2X,Vivo Tanda Cap Sleeve Sheath Dress in Ponte - Burgundy,vivo-tanda-cap-sleeve-sheath-dress-in-ponte-burgundy,60070877,BURGUNDY / V0226030 / 2X,2,2026-08-20 12:08
V0226030BUR2X,Vivo Tanda Cap Sleeve Sheath Dress in Ponte - Burgundy,vivo-tanda-cap-sleeve-sheath-dress-in-ponte-red,60070877,BURGUNDY / V0226030 / 2X,2,2026-08-20 12:08
V0226030BURL,Vivo Tanda Cap Sleeve Sheath Dress in Ponte - Burgundy,vivo-tanda-cap-sleeve-sheath-dress-in-ponte-burgundy,60070875,BURGUNDY / V0226030 / L,2,2026-08-20 12:08
V0226030BURL,Vivo Tanda Cap Sleeve Sheath Dress in Ponte - Burgundy,vivo-tanda-cap-sleeve-sheath-dress-in-ponte-red,60070875,BURGUNDY / V0226030 / L,2,2026-08-20 12:08
V0226030BURM,Vivo Tanda Cap Sleeve Sheath Dress in Ponte - Burgundy,vivo-tanda-cap-sleeve-sheath-dress-in-ponte-burgundy,60070874,BURGUNDY / V0226030 / M,2,2026-08-20 12:08
V0226030BURM,Vivo Tanda Cap Sleeve Sheath Dress in Ponte - Burgundy,vivo-tanda-cap-sleeve-sheath-dress-in-ponte-red,60070874,BURGUNDY / V0226030 / M,2,2026-08-20 12:08
V0226030BURS,Vivo Tanda Cap Sleeve Sheath Dress in Ponte - Burgundy,vivo-tanda-cap-sleeve-sheath-dress-in-ponte-burgundy,60070873,BURGUNDY / V0226030 / S,2,2026-08-20 12:08
V0226030BURS,Vivo Tanda Cap Sleeve Sheath Dress in Ponte - Burgundy,vivo-tanda-cap-sleeve-sheath-dress-in-ponte-red,60070873,BURGUNDY / V0226030 / S,2,2026-08-20 12:08
V0226043PR1L/1X,Vivo Asymmetrical Dolman Dress in Satin - Champagne,vivo-asymmetrical-dolman-dress-in-satin-red-black-arah-print,70155498,RED / BLACK ARAH PRINT / V0226043 / L/1X,2,2026-08-20 12:08
V0226043PR1L/1X,Vivo Asymmetrical Dolman Dress in Satin - Champagne,vivo-asymmetrical-dolman-dress-in-satin-champagne,70155505,RED / BLACK ARAH PRINT / V0226043 / L/1X,2,2026-08-20 12:08
V0226043PR1S/M,Vivo Asymmetrical Dolman Dress in Satin - Champagne,vivo-asymmetrical-dolman-dress-in-satin-red-black-arah-print,70155497,RED / BLACK ARAH PRINT / V0226043 / S/M,2,2026-08-20 12:08
V0226043PR1S/M,Vivo Asymmetrical Dolman Dress in Satin - Champagne,vivo-asymmetrical-dolman-dress-in-satin-champagne,70155504,RED / BLACK ARAH PRINT / V0226043 / S/M,2,2026-08-20 12:08
V0326030WHIL/1X,Vivo Tie Dolman Kimono in Textured Crepe - Dark Green,vivo-tie-dolman-kimono-in-textured-crepe-dark-green,60067899,WHITE / V0326030 / L/1X,2,2026-08-20 12:08
V0326030WHIL/1X,Vivo Tie Dolman Kimono in Textured Crepe - White,vivo-tie-dolman-kimono-in-textured-crepe-white,60067235,WHITE / V0326030 / L/1X,2,2026-08-20 12:08
V0326030WHIS/M,Vivo Tie Dolman Kimono in Textured Crepe - Dark Green,vivo-tie-dolman-kimono-in-textured-crepe-dark-green,60067898,WHITE / V0326030 / S/M,2,2026-08-20 12:08
V0326030WHIS/M,Vivo Tie Dolman Kimono in Textured Crepe - White,vivo-tie-dolman-kimono-in-textured-crepe-white,60067234,WHITE / V0326030 / S/M,2,2026-08-20 12:08
V0326042BLA1X,Vivo Tie Top in Jersey - Black,vivo-tie-top-in-jersey-black,60068934,BLACK / V0326042 / 1X,2,2026-08-20 12:08
V0326042BLA1X,Vivo Tie Top in Jersey - Burgundy,vivo-tie-top-in-jersey-burgundy,70155624,BLACK / V0326042 / 1X,2,2026-08-20 12:08
V0326042BLA2X,Vivo Tie Top in Jersey - Black,vivo-tie-top-in-jersey-black,60068935,BLACK / V0326042 / 2X,2,2026-08-20 12:08
V0326042BLA2X,Vivo Tie Top in Jersey - Burgundy,vivo-tie-top-in-jersey-burgundy,70155625,BLACK / V0326042 / 2X,2,2026-08-20 12:08
V0326042BLAL,Vivo Tie Top in Jersey - Black,vivo-tie-top-in-jersey-black,60068933,BLACK / V0326042 / L,2,2026-08-20 12:08
V0326042BLAL,Vivo Tie Top in Jersey - Burgundy,vivo-tie-top-in-jersey-burgundy,70155623,BLACK / V0326042 / L,2,2026-08-20 12:08
V0326042BLAM,Vivo Tie Top in Jersey - Black,vivo-tie-top-in-jersey-black,60068932,BLACK / V0326042 / M,2,2026-08-20 12:08
V0326042BLAM,Vivo Tie Top in Jersey - Burgundy,vivo-tie-top-in-jersey-burgundy,70155622,BLACK / V0326042 / M,2,2026-08-20 12:08
V0326042BLAS,Vivo Tie Top in Jersey - Black,vivo-tie-top-in-jersey-black,60068931,BLACK / V0326042 / S,2,2026-08-20 12:08
V0326042BLAS,Vivo Tie Top in Jersey - Burgundy,vivo-tie-top-in-jersey-burgundy,70155621,BLACK / V0326042 / S,2,2026-08-20 12:08
V0326045NAV1X,Vivo Wide Leg Pants in Textured Crepe - DARK GREEN,vivo-wide-leg-pants-in-textured-crepe-dark-green,70155554,NAVY / V0326045 / 1X,2,2026-08-20 12:08
V0326045NAV1X,Vivo Wide Leg Pants in Textured Crepe - Dark Green,vivo-wide-leg-pants-in-textured-crepe-navy,70155534,NAVY / V0326045 / 1X,2,2026-08-20 12:08
V0326045NAV2X,Vivo Wide Leg Pants in Textured Crepe - DARK GREEN,vivo-wide-leg-pants-in-textured-crepe-dark-green,70155555,NAVY / V0326045 / 2X,2,2026-08-20 12:08
V0326045NAV2X,Vivo Wide Leg Pants in Textured Crepe - Dark Green,vivo-wide-leg-pants-in-textured-crepe-navy,70155535,NAVY / V0326045 / 2X,2,2026-08-20 12:08
V0326045NAVL,Vivo Wide Leg Pants in Textured Crepe - DARK GREEN,vivo-wide-leg-pants-in-textured-crepe-dark-green,70155553,NAVY / V0326045 / L,2,2026-08-20 12:08
V0326045NAVL,Vivo Wide Leg Pants in Textured Crepe - Dark Green,vivo-wide-leg-pants-in-textured-crepe-navy,70155533,NAVY / V0326045 / L,2,2026-08-20 12:08
V0326045NAVM,Vivo Wide Leg Pants in Textured Crepe - DARK GREEN,vivo-wide-leg-pants-in-textured-crepe-dark-green,70155552,NAVY / V0326045 / M,2,2026-08-20 12:08
V0326045NAVM,Vivo Wide Leg Pants in Textured Crepe - Dark Green,vivo-wide-leg-pants-in-textured-crepe-navy,70155532,NAVY / V0326045 / M,2,2026-08-20 12:08
V0326045NAVS,Vivo Wide Leg Pants in Textured Crepe - DARK GREEN,vivo-wide-leg-pants-in-textured-crepe-dark-green,70155551,NAVY / V0326045 / S,2,2026-08-20 12:08
V0326045NAVS,Vivo Wide Leg Pants in Textured Crepe - Dark Green,vivo-wide-leg-pants-in-textured-crepe-navy,70155531,NAVY / V0326045 / S,2,2026-08-20 12:08
V0423019DGRN2X,Vivo Wastani Drawstring Pants - Dark Green,vivo-wastani-drawstring-pants-dark-green,60063560,DARK GREEN / V0423019 / 2X,2,2026-08-20 12:08
V0423019DGRN2X,Vivo Wastani Drawstring Pants - Dark Green,vivo-wastani-drawstring-pants-dusty-green,60063560,DARK GREEN / V0423019 / 2X,2,2026-08-20 12:08
V0525008PR14F,Vivo Keza Circular Loose Top - Rust/brown Ruvu Print,vivo-keza-circular-loose-top-olive-green-ruvu-print,70155495,OLIVE / GREEN / V0525008 / F,2,2026-08-20 12:08
V0525008PR14F,Vivo Keza Circular Loose Top - Rust/brown Ruvu Print,vivo-keza-circular-loose-top-rust-brown-ruvu-print,70155507,OLIVE / GREEN / V0525008 / F,2,2026-08-20 12:08
V0526019PR41X,Vivo 3/4 Sleeve Maxi Dress in Crepe - Navy,vivo-3-4-sleeve-maxi-dress-in-crepe-navy,70155559,WHITE / BLACK / V0526019 / 1X,2,2026-08-20 12:08
V0526019PR41X,Vivo 3/4 Sleeve Maxi Dress in Crepe - White / Black Loiya Print,vivo-3-4-sleeve-maxi-dress-in-crepe-white-black-loiya-print,60069945,WHITE / BLACK / V0526019 / 1X,2,2026-08-20 12:08
V0526019PR42X,Vivo 3/4 Sleeve Maxi Dress in Crepe - Navy,vivo-3-4-sleeve-maxi-dress-in-crepe-navy,70155560,WHITE / BLACK / V0526019 / 2X,2,2026-08-20 12:08
V0526019PR42X,Vivo 3/4 Sleeve Maxi Dress in Crepe - White / Black Loiya Print,vivo-3-4-sleeve-maxi-dress-in-crepe-white-black-loiya-print,60069946,WHITE / BLACK / V0526019 / 2X,2,2026-08-20 12:08
V0526019PR4L,Vivo 3/4 Sleeve Maxi Dress in Crepe - Navy,vivo-3-4-sleeve-maxi-dress-in-crepe-navy,70155558,WHITE / BLACK / V0526019 / L,2,2026-08-20 12:08
V0526019PR4L,Vivo 3/4 Sleeve Maxi Dress in Crepe - White / Black Loiya Print,vivo-3-4-sleeve-maxi-dress-in-crepe-white-black-loiya-print,60069944,WHITE / BLACK / V0526019 / L,2,2026-08-20 12:08
V0526019PR4M,Vivo 3/4 Sleeve Maxi Dress in Crepe - Navy,vivo-3-4-sleeve-maxi-dress-in-crepe-navy,70155557,WHITE / BLACK / V0526019 / M,2,2026-08-20 12:08
V0526019PR4M,Vivo 3/4 Sleeve Maxi Dress in Crepe - White / Black Loiya Print,vivo-3-4-sleeve-maxi-dress-in-crepe-white-black-loiya-print,60069943,WHITE / BLACK / V0526019 / M,2,2026-08-20 12:08
V0526019PR4S,Vivo 3/4 Sleeve Maxi Dress in Crepe - Navy,vivo-3-4-sleeve-maxi-dress-in-crepe-navy,70155556,WHITE / BLACK / V0526019 / S,2,2026-08-20 12:08
V0526019PR4S,Vivo 3/4 Sleeve Maxi Dress in Crepe - White / Black Loiya Print,vivo-3-4-sleeve-maxi-dress-in-crepe-white-black-loiya-print,60069942,WHITE / BLACK / V0526019 / S,2,2026-08-20 12:08
V0526067NAV1X,Vivo Elastic Waist Wide Pants in Crepe - Navy,vivo-elastic-waist-wide-pants-in-crepe-navy,60071172,NAVY / V0526067 / 1X,2,2026-08-20 12:08
V0526067NAV1X,Vivo Elastic Waist Wide Pants in Crepe - Navy Blue,vivo-elastic-waist-wide-pants-in-crepe-navy-blue,60071663,NAVY BLUE / V0526067 / 1X,2,2026-08-20 12:08
V0526067NAV2X,Vivo Elastic Waist Wide Pants in Crepe - Navy,vivo-elastic-waist-wide-pants-in-crepe-navy,60071173,NAVY / V0526067 / 2X,2,2026-08-20 12:08
V0526067NAV2X,Vivo Elastic Waist Wide Pants in Crepe - Navy Blue,vivo-elastic-waist-wide-pants-in-crepe-navy-blue,60071664,NAVY BLUE / V0526067 / 2X,2,2026-08-20 12:08
V0526067NAVL,Vivo Elastic Waist Wide Pants in Crepe - Navy,vivo-elastic-waist-wide-pants-in-crepe-navy,60071171,NAVY / V0526067 / L,2,2026-08-20 12:08
V0526067NAVL,Vivo Elastic Waist Wide Pants in Crepe - Navy Blue,vivo-elastic-waist-wide-pants-in-crepe-navy-blue,60071662,NAVY BLUE / V0526067 / L,2,2026-08-20 12:08
V0526067NAVM,Vivo Elastic Waist Wide Pants in Crepe - Navy,vivo-elastic-waist-wide-pants-in-crepe-navy,60071170,NAVY / V0526067 / M,2,2026-08-20 12:08
V0526067NAVM,Vivo Elastic Waist Wide Pants in Crepe - Navy Blue,vivo-elastic-waist-wide-pants-in-crepe-navy-blue,60071661,NAVY BLUE / V0526067 / M,2,2026-08-20 12:08
V0526067NAVS,Vivo Elastic Waist Wide Pants in Crepe - Navy,vivo-elastic-waist-wide-pants-in-crepe-navy,60071169,NAVY / V0526067 / S,2,2026-08-20 12:08
V0526067NAVS,Vivo Elastic Waist Wide Pants in Crepe - Navy Blue,vivo-elastic-waist-wide-pants-in-crepe-navy-blue,60071660,NAVY BLUE / V0526067 / S,2,2026-08-20 12:08
V0623011PR17S/M,Vivo Zahari 3/4 Sleeve Off-Shoulder Jumpsuit - Cream / Rust Print,vivo-zahari-3-4-sleeve-off-shoulder-jumpsuit-cream-rust-print,60061630,CREAM / RUST PRINT / V0623011 / S/M,2,2026-08-20 12:08
V0623011PR17S/M,Vivo Zahari 3/4 Sleeve Off-Shoulder Jumpsuit - Cream / Rust Print,vivo-zahari-3-4-sleeve-off-shoulder-jumpsuit-cream-rust-print,60061631,PRINT / V0623011 / S/M,2,2026-08-20 12:08
V0623045PR15M,Vivo Pendo Cap Sleeve Tent Knee Length Dress - Burgundy / Brown Akila Print,vivo-pendo-cap-sleeve-tent-knee-length-dress-burgundy-brown-akila-print,60058699,BURGUNDY / BROWN AKILA PRINT / V0623045 / M,2,2026-08-20 12:08
V0623045PR15M,Vivo Pendo Sleeveless Tent Knee Length Dress - Fuschia Cubic Print,vivo-pendo-sleeveless-tent-knee-length-dress-fuschia-cubic-print,60046905,Fuschia / Black,2,2026-08-20 12:08
V0624095BURL,Vivo Hamle Side Twist Tie Bodycon - Black,vivo-hamle-side-twist-tie-bodycon-black-copy-1,60040215,BLACK / V0624095 / L,2,2026-08-20 12:08
V0624095BURL,Vivo Hamle Side Twist Tie Bodycon - Burgundy,vivo-hamle-side-twist-tie-bodycon-burgundy,60045295,BURGUNDY / V0624095 / L,2,2026-08-20 12:08
V0724026PR10L/1X,Vivo Amai Hi-Low Top - Green / Pink Izza Print,vivo-amai-hi-low-top-navy-blue-122a-print-copy,60044967,Default Title,2,2026-08-20 12:08
V0724026PR10L/1X,Vivo Amai Hi-Low Top - Green / Pink Izza Print,vivo-amai-hi-low-top-in-satin-fuschia-black-garini-print,60044967,GREEN / PINK IZZA PRINT / V0724026 / L/1X,2,2026-08-20 12:08
V0819003TEA2X,Vivo Basic Panelled Leisure Pants - Taupe,vivo-panelled-leisure-pants-teal,70155485,TEAL / V0819003 / 2X,2,2026-08-20 12:08
V0819003TEA2X,Vivo Basic Panelled Leisure Pants - Taupe,vivo-basic-panelled-leisure-pants-taupe,70155490,TEAL / V0819003 / 2X,2,2026-08-20 12:08
V0819003TEAL,Vivo Basic Panelled Leisure Pants - Taupe,vivo-panelled-leisure-pants-teal,70155483,TEAL / V0819003 / L,2,2026-08-20 12:08
V0819003TEAL,Vivo Basic Panelled Leisure Pants - Taupe,vivo-basic-panelled-leisure-pants-taupe,70155488,TEAL / V0819003 / L,2,2026-08-20 12:08
V0819003TEAM,Vivo Basic Panelled Leisure Pants - Taupe,vivo-panelled-leisure-pants-teal,70155482,TEAL / V0819003 / M,2,2026-08-20 12:08
V0819003TEAM,Vivo Basic Panelled Leisure Pants - Taupe,vivo-basic-panelled-leisure-pants-taupe,70155487,TEAL / V0819003 / M,2,2026-08-20 12:08
V0819003TEAS,Vivo Basic Panelled Leisure Pants - Taupe,vivo-panelled-leisure-pants-teal,70155481,TEAL / V0819003 / S,2,2026-08-20 12:08
V0819003TEAS,Vivo Basic Panelled Leisure Pants - Taupe,vivo-basic-panelled-leisure-pants-taupe,70155486,TEAL / V0819003 / S,2,2026-08-20 12:08
V0819003TEAXL,Vivo Basic Panelled Leisure Pants - Taupe,vivo-panelled-leisure-pants-teal,70155484,TEAL / V0819003 / 1X,2,2026-08-20 12:08
V0819003TEAXL,Vivo Basic Panelled Leisure Pants - Taupe,vivo-basic-panelled-leisure-pants-taupe,70155489,TEAL / V0819003 / 1X,2,2026-08-20 12:08
V0819120DAT1X,Vivo  Basic Sienna Waterfall - Dark Tan,vivo-basic-sienna-waterfall-dark-tan,60058073,DARK TAN / V0819120 / 1X,2,2026-08-20 12:08
V0819120DAT1X,Vivo Basic Sienna Waterfall -  Dark Taupe,vivo-basic-sienna-waterfall-taupe-copy,60054327,TAUPE / V0819120 / 1X,2,2026-08-20 12:08
V0819120DATL,Vivo  Basic Sienna Waterfall - Dark Tan,vivo-basic-sienna-waterfall-dark-tan,60058072,DARK TAN / V0819120 / L,2,2026-08-20 12:08
V0819120DATL,Vivo Basic Sienna Waterfall -  Dark Taupe,vivo-basic-sienna-waterfall-taupe-copy,60054326,TAUPE / V0819120 / L,2,2026-08-20 12:08
V0819120DATM,Vivo  Basic Sienna Waterfall - Dark Tan,vivo-basic-sienna-waterfall-dark-tan,60058071,DARK TAN / V0819120 / M,2,2026-08-20 12:08
V0819120DATM,Vivo Basic Sienna Waterfall -  Dark Taupe,vivo-basic-sienna-waterfall-taupe-copy,60054325,TAUPE / V0819120 / M,2,2026-08-20 12:08
V0825008LILL,Vivo Ria Drawstring Pants - Lilac,vivo-ria-drawstring-pants-lilac,60059940,Default Title,2,2026-08-20 12:08
V0825008LILL,Vivo Ria Pants & Waterfall Set - Lilac,vivo-ria-pants-waterfall-set-lilac,60058472,PURPLE / V0825008 / L,2,2026-08-20 12:08
V0924038NAV1X,Vivo Mandla Tent Dress in Crepe - Navy,vivo-mandla-tent-dress-in-crepe-navy,60070107,NAVY / V0924038 / 1X,2,2026-08-20 12:08
V0924038NAV1X,Vivo Mandla Tent Dress in Crepe - RUST,vivo-mandla-tent-dress-in-crepe-rust,70155549,NAVY / V0924038 / 1X,2,2026-08-20 12:08
V0924038NAV2X,Vivo Mandla Tent Dress in Crepe - Navy,vivo-mandla-tent-dress-in-crepe-navy,60070108,NAVY / V0924038 / 2X,2,2026-08-20 12:08
V0924038NAV2X,Vivo Mandla Tent Dress in Crepe - RUST,vivo-mandla-tent-dress-in-crepe-rust,70155550,NAVY / V0924038 / 2X,2,2026-08-20 12:08
V0924038NAVL,Vivo Mandla Tent Dress in Crepe - Navy,vivo-mandla-tent-dress-in-crepe-navy,60070106,NAVY / V0924038 / L,2,2026-08-20 12:08
V0924038NAVL,Vivo Mandla Tent Dress in Crepe - RUST,vivo-mandla-tent-dress-in-crepe-rust,70155548,NAVY / V0924038 / L,2,2026-08-20 12:08
V0924038NAVM,Vivo Mandla Tent Dress in Crepe - Navy,vivo-mandla-tent-dress-in-crepe-navy,60070105,NAVY / V0924038 / M,2,2026-08-20 12:08
V0924038NAVM,Vivo Mandla Tent Dress in Crepe - RUST,vivo-mandla-tent-dress-in-crepe-rust,70155547,NAVY / V0924038 / M,2,2026-08-20 12:08
V0924038NAVS,Vivo Mandla Tent Dress in Crepe - Navy,vivo-mandla-tent-dress-in-crepe-navy,60070104,NAVY / V0924038 / S,2,2026-08-20 12:08
V0924038NAVS,Vivo Mandla Tent Dress in Crepe - RUST,vivo-mandla-tent-dress-in-crepe-rust,70155546,NAVY / V0924038 / S,2,2026-08-20 12:08
V0924038PR61X,Vivo Mandla Tent Dress - Black/ Rust Print,vivo-mandla-tent-dress-black-mustard-ela-print-copy,70155494,BLACK / MUSTARD ELA PRINT / V0924038 / 1X,2,2026-08-20 12:08
V0924038PR61X,Vivo Mandla Tent Dress - Black/ Rust Print (Copy),vivo-mandla-tent-dress-black-rust-print-copy,70155502,BLACK / MUSTARD ELA PRINT / V0924038 / 1X,2,2026-08-20 12:08
V0924038PR6L,Vivo Mandla Tent Dress - Black/ Rust Print,vivo-mandla-tent-dress-black-mustard-ela-print-copy,70155493,BLACK / MUSTARD ELA PRINT / V0924038 / L,2,2026-08-20 12:08
V0924038PR6L,Vivo Mandla Tent Dress - Black/ Rust Print (Copy),vivo-mandla-tent-dress-black-rust-print-copy,70155501,BLACK / MUSTARD ELA PRINT / V0924038 / L,2,2026-08-20 12:08
V0924038PR6M,Vivo Mandla Tent Dress - Black/ Rust Print,vivo-mandla-tent-dress-black-mustard-ela-print-copy,70155492,BLACK / MUSTARD ELA PRINT / V0924038 / M,2,2026-08-20 12:08
V0924038PR6M,Vivo Mandla Tent Dress - Black/ Rust Print (Copy),vivo-mandla-tent-dress-black-rust-print-copy,70155500,BLACK / MUSTARD ELA PRINT / V0924038 / M,2,2026-08-20 12:08
V0924038PR6S,Vivo Mandla Tent Dress - Black/ Rust Print,vivo-mandla-tent-dress-black-mustard-ela-print-copy,70155491,BLACK / MUSTARD ELA PRINT / V0924038 / S,2,2026-08-20 12:08
V0924038PR6S,Vivo Mandla Tent Dress - Black/ Rust Print (Copy),vivo-mandla-tent-dress-black-rust-print-copy,70155499,BLACK / MUSTARD ELA PRINT / V0924038 / S,2,2026-08-20 12:08
V0925028LILM,Vivo Studio Strapless Maxi in Crepe- Lilac,vivo-talia-shirred-maxi-dress-lilac,60062411,LILAC / V0925028 / M,2,2026-08-20 12:08
V0925028LILM,Vivo Talia Shirred Maxi Dress With Scarf - Lilac,vivo-talia-shirred-maxi-dress-with-scarf-lilac,60062466,Default Title,2,2026-08-20 12:08
V0925065NAV1X,Vivo 3/4 Sleeve Wrap Top in Cotton MG - Navy,vivo-3-4-sleeve-wrap-top-in-cotton-mg-navy,60071448,NAVY / V0925065 / 1X,2,2026-08-20 12:08
V0925065NAV1X,Vivo Cotton 3/4 Sleeve Wrap Top - Navy Blue,vivo-cotton-3-4-sleeve-wrap-top-navy-blue,60060467,NAVY BLUE / V0925065 / 1X,2,2026-08-20 12:08
V0925065NAVL,Vivo 3/4 Sleeve Wrap Top in Cotton MG - Navy,vivo-3-4-sleeve-wrap-top-in-cotton-mg-navy,60071447,NAVY / V0925065 / L,2,2026-08-20 12:08
V0925065NAVL,Vivo Cotton 3/4 Sleeve Wrap Top - Navy Blue,vivo-cotton-3-4-sleeve-wrap-top-navy-blue,60060466,NAVY BLUE / V0925065 / L,2,2026-08-20 12:08
V0925065NAVM,Vivo 3/4 Sleeve Wrap Top in Cotton MG - Navy,vivo-3-4-sleeve-wrap-top-in-cotton-mg-navy,60071446,NAVY / V0925065 / M,2,2026-08-20 12:08
V0925065NAVM,Vivo Cotton 3/4 Sleeve Wrap Top - Navy Blue,vivo-cotton-3-4-sleeve-wrap-top-navy-blue,60060465,NAVY BLUE / V0925065 / M,2,2026-08-20 12:08
V0925065NAVS,Vivo 3/4 Sleeve Wrap Top in Cotton MG - Navy,vivo-3-4-sleeve-wrap-top-in-cotton-mg-navy,60071445,NAVY / V0925065 / S,2,2026-08-20 12:08
V0925065NAVS,Vivo Cotton 3/4 Sleeve Wrap Top - Navy Blue,vivo-cotton-3-4-sleeve-wrap-top-navy-blue,60060464,NAVY BLUE / V0925065 / S,2,2026-08-20 12:08
V0925065WHI1X,Vivo 3/4 Sleeve Wrap Top in Cotton MG - White,vivo-3-4-sleeve-wrap-top-in-cotton-mg-white,60071430,WHITE / V0925065 / 1X,2,2026-08-20 12:08
V0925065WHI1X,Vivo Cotton 3/4 Sleeve Wrap Top - White,vivo-cotton-3-4-sleeve-wrap-top-white,60060455,WHITE / V0925065 / 1X,2,2026-08-20 12:08
V0925065WHIL,Vivo 3/4 Sleeve Wrap Top in Cotton MG - White,vivo-3-4-sleeve-wrap-top-in-cotton-mg-white,60071429,WHITE / V0925065 / L,2,2026-08-20 12:08
V0925065WHIL,Vivo Cotton 3/4 Sleeve Wrap Top - White,vivo-cotton-3-4-sleeve-wrap-top-white,60060454,WHITE / V0925065 / L,2,2026-08-20 12:08
V0925065WHIM,Vivo 3/4 Sleeve Wrap Top in Cotton MG - White,vivo-3-4-sleeve-wrap-top-in-cotton-mg-white,60071428,WHITE / V0925065 / M,2,2026-08-20 12:08
V0925065WHIM,Vivo Cotton 3/4 Sleeve Wrap Top - White,vivo-cotton-3-4-sleeve-wrap-top-white,60060453,WHITE / V0925065 / M,2,2026-08-20 12:08
V0925065WHIS,Vivo 3/4 Sleeve Wrap Top in Cotton MG - White,vivo-3-4-sleeve-wrap-top-in-cotton-mg-white,60071427,WHITE / V0925065 / S,2,2026-08-20 12:08
V0925065WHIS,Vivo Cotton 3/4 Sleeve Wrap Top - White,vivo-cotton-3-4-sleeve-wrap-top-white,60060452,WHITE / V0925065 / S,2,2026-08-20 12:08
V1020048MUSM,Vivo Basic 3/4 Sleeved Double Layered Bodysuit - Mustard,vivo-basic-3-4-sleeved-double-layered-bodysuit-hunters-copy,60040973,Default Title,2,2026-08-20 12:08
V1020048MUSM,Vivo Basic 3/4 Sleeved Double Layered Bodysuit in Jersey - Mustard,vivo-3-4-sleeve-double-layered-bodysuit-mustard,40016726,MUSTARD / V1020048 / M,2,2026-08-20 12:08
V1123058DOLIS,Vivo Yumi Cap Sleeve Knee Length Dress in Crepe - Dark Olive,vivo-yumi-cap-sleeve-dress-dusty-olive,60068307,DARK OLIVE,2,2026-08-20 12:08
V1123058DOLIS,Vivo Yumi Cap Sleeve Knee Length Dress in Crepe - Dark Olive,vivo-yumi-cap-sleeve-knee-length-dress-in-crepe-dark-olive,60068307,DARK OLIVE / V1123058 / S,2,2026-08-20 12:08
V1123177PR1L,Vivo Sakari Drop Shoulder Jumpsuit - Hot Pink Sari Print,vivo-sakari-drop-shoulder-jumpsuit-hot-pink-sari-print,60030305,HOT PINK SARI PRINT / V1123177 / L,2,2026-08-20 12:08
V1123177PR1L,Vivo Sakari Drop Shoulder Jumpsuit - Lime Green Sari Print,copy-of-vivo-sakari-drop-shoulder-jumpsuit-lime-green-sari-p,60030313,PRINT / V1123177 / L,2,2026-08-20 12:08
V1123177PR1XL,Vivo Sakari Drop Shoulder Jumpsuit - Hot Pink Sari Print,vivo-sakari-drop-shoulder-jumpsuit-hot-pink-sari-print,60030306,HOT PINK SARI PRINT / V1123177 / XL,2,2026-08-20 12:08
V1123177PR1XL,Vivo Sakari Drop Shoulder Jumpsuit - Lime Green Sari Print,copy-of-vivo-sakari-drop-shoulder-jumpsuit-lime-green-sari-p,60030314,LIME GREEN SARI PRINT / V1123177 / XL,2,2026-08-20 12:08
V1124080DGRN1X,Vivo Meli Cowl Top - Dark Green,vivo-meli-cowl-top-dark-green,60047602,DARK GREEN / V1124080 / 1X,2,2026-08-20 12:08
V1124080DGRN1X,Vivo Meli Cowl Top in Satin MG - Dark Green,vivo-meli-cowl-top-in-satin-mg-dark-green,60071435,DARK GREEN / V1124080 / 1X,2,2026-08-20 12:08
V1124080DGRNL,Vivo Meli Cowl Top - Dark Green,vivo-meli-cowl-top-dark-green,60047601,DARK GREEN / V1124080 / L,2,2026-08-20 12:08
V1124080DGRNL,Vivo Meli Cowl Top in Satin MG - Dark Green,vivo-meli-cowl-top-in-satin-mg-dark-green,60071434,DARK GREEN / V1124080 / L,2,2026-08-20 12:08
V1124080DGRNM,Vivo Meli Cowl Top - Dark Green,vivo-meli-cowl-top-dark-green,60047600,DARK GREEN / V1124080 / M,2,2026-08-20 12:08
V1124080DGRNM,Vivo Meli Cowl Top in Satin MG - Dark Green,vivo-meli-cowl-top-in-satin-mg-dark-green,60071433,DARK GREEN / V1124080 / M,2,2026-08-20 12:08
V1124080DGRNS,Vivo Meli Cowl Top - Dark Green,vivo-meli-cowl-top-dark-green,60047599,DARK GREEN / V1124080 / S,2,2026-08-20 12:08
V1124080DGRNS,Vivo Meli Cowl Top in Satin MG - Dark Green,vivo-meli-cowl-top-in-satin-mg-dark-green,60071432,DARK GREEN / V1124080 / S,2,2026-08-20 12:08
WSCNALA0020STRM,WSC Pambo Nalani Yara Bodycon Dress - Maroon,wsc-pambo-nalani-yara-bodycon-dress-maroon,70134104,MAROON / WSCNALA0020 / M,2,2026-08-20 12:08
WSCNALA0020STRM,WSC Pambo Nalani Yara Bodycon Dress - Striped,nalani-yara-bodycon-dress-striped,70065247,Default Title,2,2026-08-20 12:08
Z0124039KHAM/L,Zoya Luna Drape Tie Top - Khaki,zoya-luna-drape-tie-top-blush-pink-copy,70104899,Default Title,2,2026-08-20 12:08
Z0124039KHAM/L,Zoya Luna Drape Tie Top - Khaki,zoya-luna-drape-tie-top-dark-blue-copy,60042589,BROWN / Z0124039 / M/L,2,2026-08-20 12:08